n	operation	implementation	ops_per_eval	median_ns_per_op	minimum_ns_per_op	memory_bytes_per_op	allocations_per_op
32	assoc	ft	16	260.375	247.375	462.000	9.688
32	assoc	pv	16	18.188	13.000	320.000	2.000
32	assoc	vector-copy	16	13.000	7.812	320.000	2.000
32	build	deque-left	1	250.000	83.000	8368.000	5.000
32	build	deque-right	1	250.000	83.000	8368.000	5.000
32	build	ft-left	1	4709.000	4541.000	9616.000	178.000
32	build	ft-right	1	4708.000	4500.000	8752.000	160.000
32	build	pv-right	1	500.000	416.000	6224.000	67.000
32	build	vector-left	1	42.000	0.001	896.000	3.000
32	build	vector-right	1	41.000	0.001	320.000	2.000
32	concat	ft	1	625.000	583.000	1328.000	29.000
32	concat	pv	1	416.000	333.000	4608.000	48.000
32	concat	vector	1	0.001	0.001	320.000	2.000
32	index	ft	256	30.598	29.457	42.000	0.656
32	index	pv	256	1.793	1.465	0.000	0.000
32	index	vector	256	0.324	0.164	0.000	0.000
32	iterate	deque	1	0.001	0.001	0.000	0.000
32	iterate	ft	1	333.000	250.000	848.000	14.000
32	iterate	pv	1	250.000	166.000	1024.000	32.000
32	iterate	vector	1	0.001	0.001	0.000	0.000
32	pop-left	deque	16	2.625	0.000	0.000	0.000
32	pop-left	ft	16	453.125	440.062	574.000	13.375
32	pop-left	vector	16	0.000	0.000	0.000	0.000
32	pop-right	deque	16	2.625	0.000	0.000	0.000
32	pop-right	ft	16	416.688	406.250	505.000	12.688
32	pop-right	pv	16	15.625	10.375	248.000	2.000
32	pop-right	vector	16	0.000	0.000	0.000	0.000
32	push-left	deque	16	26.062	2.562	520.000	0.250
32	push-left	ft	16	158.875	151.000	335.000	5.938
32	push-left	vector	16	2.562	0.000	0.000	0.000
32	push-right	deque	16	2.562	0.000	0.000	0.000
32	push-right	ft	16	218.750	208.312	391.000	6.750
32	push-right	pv	16	13.062	10.375	133.000	2.188
32	push-right	vector	16	2.562	0.000	0.000	0.000
32	split-middle	ft	1	1208.000	1083.000	2304.000	41.000
32	split-middle	vector	1	41.000	0.001	368.000	4.000
1024	assoc	ft	256	348.793	315.918	705.125	15.648
1024	assoc	pv	256	46.062	39.391	631.250	4.918
1024	assoc	vector-copy	256	539.387	152.184	8256.000	3.000
1024	build	deque-left	1	2125.000	1791.000	8368.000	5.000
1024	build	deque-right	1	2208.000	1916.000	8368.000	5.000
1024	build	ft-left	1	234417.000	213250.000	431104.000	8674.000
1024	build	ft-right	1	232041.000	214042.000	398464.000	7994.000
1024	build	pv-right	1	17459.000	14958.000	203008.000	2144.000
1024	build	vector-left	1	2167.000	792.000	21600.000	5.000
1024	build	vector-right	1	958.000	416.000	8256.000	3.000
1024	concat	ft	1	1750.000	1542.000	2512.000	60.000
1024	concat	pv	1	12292.000	10458.000	118912.000	1584.000
1024	concat	vector	1	500.000	125.000	8256.000	3.000
1024	index	ft	256	63.477	61.684	31.125	1.863
1024	index	pv	256	3.094	2.766	0.000	0.000
1024	index	vector	256	0.324	0.160	0.000	0.000
1024	iterate	deque	1	459.000	416.000	0.000	0.000
1024	iterate	ft	1	4417.000	4125.000	1104.000	21.000
1024	iterate	pv	1	8000.000	7208.000	32768.000	1024.000
1024	iterate	vector	1	83.000	0.001	0.000	0.000
1024	pop-left	deque	256	3.090	2.602	0.000	0.000
1024	pop-left	ft	256	481.285	448.406	575.000	14.391
1024	pop-left	vector	256	0.652	0.488	0.000	0.000
1024	pop-right	deque	256	2.930	1.953	0.000	0.000
1024	pop-right	ft	256	463.867	424.152	603.750	17.375
1024	pop-right	pv	256	16.926	13.836	191.000	2.051
1024	pop-right	vector	256	0.488	0.000	0.000	0.000
1024	push-left	deque	256	3.582	1.793	32.500	0.016
1024	push-left	ft	256	222.492	200.684	398.938	7.105
1024	push-left	vector	256	1.465	1.137	0.000	0.000
1024	push-right	deque	256	2.277	1.629	32.500	0.016
1024	push-right	ft	256	222.984	203.777	370.312	6.512
1024	push-right	pv	256	19.531	15.301	200.250	2.195
1024	push-right	vector	256	0.812	0.488	0.000	0.000
1024	split-middle	ft	1	3584.000	3208.000	4000.000	102.000
1024	split-middle	vector	1	584.000	166.000	8320.000	6.000
32768	assoc	ft	256	368.328	337.566	928.500	20.457
32768	assoc	pv	256	88.867	77.961	1024.000	8.000
32768	assoc	vector-copy	256	18867.023	12294.105	262208.000	3.000
32768	build	deque-left	1	72916.000	62791.000	266288.000	129.000
32768	build	deque-right	1	70750.000	63041.000	266288.000	129.000
32768	build	ft-left	1	7905291.000	7712334.000	14622400.000	322550.000
32768	build	ft-right	1	7833083.500	7641750.000	13573984.000	300708.000
32768	build	pv-right	1	602041.000	559958.000	6747568.000	71646.000
32768	build	vector-left	1	41291.000	23041.000	688224.000	5.000
32768	build	vector-right	1	43000.000	12584.000	262208.000	3.000
32768	concat	ft	1	3250.000	3041.000	3776.000	98.000
32768	concat	pv	1	404584.000	383250.000	3932800.000	52256.000
32768	concat	vector	1	11542.000	3708.000	262208.000	3.000
32768	index	ft	256	98.793	95.375	110.312	6.895
32768	index	pv	256	4.719	4.395	0.000	0.000
32768	index	vector	256	0.324	0.164	0.000	0.000
32768	iterate	deque	1	16417.000	15625.000	0.000	0.000
32768	iterate	ft	1	129750.000	123917.000	1296.000	27.000
32768	iterate	pv	1	263750.000	252458.000	1048576.000	32768.000
32768	iterate	vector	1	2500.000	2416.000	0.000	0.000
32768	pop-left	deque	256	2.281	1.953	0.000	0.000
32768	pop-left	ft	256	491.535	474.773	594.438	14.480
32768	pop-left	vector	256	0.812	0.488	0.000	0.000
32768	pop-right	deque	256	2.277	1.953	0.000	0.000
32768	pop-right	ft	256	466.797	455.895	604.500	17.398
32768	pop-right	pv	256	19.203	14.977	201.062	2.133
32768	pop-right	vector	256	0.488	0.000	0.000	0.000
32768	push-left	deque	256	2.602	1.789	32.500	0.016
32768	push-left	ft	256	224.609	219.078	398.938	7.105
32768	push-left	vector	256	45.410	16.113	0.000	0.000
32768	push-right	deque	256	2.281	1.789	32.500	0.016
32768	push-right	ft	256	227.863	221.516	374.688	6.598
32768	push-right	pv	256	20.508	15.949	205.188	2.297
32768	push-right	vector	256	2.770	0.488	0.000	0.000
32768	split-middle	ft	1	7083.000	6583.000	7056.000	190.000
32768	split-middle	vector	1	10708.000	3750.000	262272.000	6.000
